{
    "SettingsList": [
        {
            "description": "Potion of Mana",
            "SpritePath": "Assets/Art/1.png",
            "Color": {
                "x": 0.0,
                "y": 0.2893195152282715,
                "z": 1.0,
                "w": 1.0
            }
        },
        {
            "description": "Elixir of life",
            "SpritePath": "Assets/Art/2.png",
            "Color": {
                "x": 0.6698113083839417,
                "y": 0.464444637298584,
                "z": 0.6698113083839417,
                "w": 1.0
            }
        },
        {
            "description": "mega fire",
            "SpritePath": "Assets/Art/3.png",
            "Color": {
                "x": 0.5026562213897705,
                "y": 0.7641509771347046,
                "z": 0.4217248260974884,
                "w": 1.0
            }
        }
    ]
}